"Status","Start Time","Stop Time","Duration in ms","Parent Suite","Suite","Sub Suite","Test Class","Test Method","Name","Description"
"passed","Tue Jun 08 12:39:39 CST 2021","Tue Jun 08 12:39:40 CST 2021","395","","test_tag","TestTag","","","上送正确tag数据，返回码0",""
"passed","Tue Jun 08 12:39:33 CST 2021","Tue Jun 08 12:39:34 CST 2021","375","","test_department","TestDepartment","","","上送正确部门信息，返回响应码0",""
"passed","Tue Jun 08 12:39:31 CST 2021","Tue Jun 08 12:39:33 CST 2021","2396","","test_department","TestDepartment","","","新增-修改-删除部门信息，返回成功，通讯录更新正确",""
"passed","Tue Jun 08 12:37:16 CST 2021","Tue Jun 08 12:37:17 CST 2021","370","","test_tag","TestTag","","","传入正确数据，返回码0",""
"passed","Tue Jun 08 12:39:40 CST 2021","Tue Jun 08 12:39:40 CST 2021","344","","test_tag","TestTag","","","上送不合法tagname，返回码40058",""
"passed","Tue Jun 08 12:39:34 CST 2021","Tue Jun 08 12:39:34 CST 2021","388","","test_department","TestDepartment","","","上送重复部门名称，返回响应码60008",""
"passed","Tue Jun 08 12:39:40 CST 2021","Tue Jun 08 12:39:40 CST 2021","349","","test_tag","TestTag","","","上送重复tagname,返回码40071",""
"passed","Tue Jun 08 12:39:34 CST 2021","Tue Jun 08 12:39:34 CST 2021","340","","test_department","TestDepartment","","","上送超长部门名称，返回响应码60001",""
"passed","Tue Jun 08 12:37:17 CST 2021","Tue Jun 08 12:37:17 CST 2021","339","","test_tag","TestTag","","","传入重复tagname,返回码40071",""
"passed","Tue Jun 08 12:37:17 CST 2021","Tue Jun 08 12:37:17 CST 2021","367","","test_tag","TestTag","","","传入不合法tagname，返回码40058",""
"passed","Tue Jun 08 12:39:36 CST 2021","Tue Jun 08 12:39:39 CST 2021","3155","","test_tag","TestTag","","","业务场景：增-改-查，操作成功且列表更新正确",""
